slug,id,Title,seo_title,seo_description,focus_keyword,
oplossingen,102,Oplossingen,Zakelijke dienstverlening � IT-services � Gamma,Gamma is een specialist in bedrijfscommunicatie en IT-services. Onze zakelijke dienstverlening werkt slimmer en effectiever. Vind hier meer informatie.,,
producten,105,Producten,Slimme en effectieve communicatieoplossingen - Gamma,"Gamma Communicatoins, d� specialist op het gebied van interne en exterene communicatie. Een breed scala aan oplossingen.",,
partners,108,Partners,Geef je hier op voor onze trainingen! Gamma Comunications,Volg onze trainingen om effectiever te kunnen samen werken! Gamma brengt mensen samen. Werk slim en effectief!,,
nieuwe-partners,435,Nieuwe partners,Partner worden van Gamma? Bekijk hier onze mogelijkheden!,Op zoek naar nieuwe partners voor jouw onderneming? Wij werken uitsluitend en nauw met je samen vanuit een uitgebreid netwerk.,,
find-a-partner,536,Find a partner,Op zoek naar een partner? - Neem contact met ons op!,Vind een van onze partners! Wij werken uitsluitend en nauw samen vanuit een uitgebreid netwerk met onze persoonlijke aanpak.,,
news,922,Gamma News,Blijf op de hoogte van het laatste nieuws - Gamma News|Blijf op de hoogte van het laatste nieuws,De recenste berichtgeving van Gamma Communications. Meld je aan om niets te missen van de laatste updates!,,
sitemap,2343,Sitemap,Sitemap van Gamma Communications - Werk slim en effectief!,De sitemap van Gamma Communications. Een toonaangevende aanbieder van communicatie oplossingen aansluitend op jouw wensen.,,
inspiratie,3116,Inspiratie,Blijf op de hoogte en lees over de laatste ontwikkelingen!,De inspiratie van Gamma Communications. De laatste ontwikkelingen in bedrijfscommunicatie oplossingen in de zakelijke markt!,,
cookiebeleid,29958,Cookiebeleid,Bekijk hier het cookiebeleid van Gamma Communications!,Het Cookiebeleid van Gamma Communications. De aanbieder van bedrijfscommunicatie oplossingen aansluitend op jouw wensen.,,
algemene-voorwaarden,29963,Algemene Voorwaarden,De Algemene voorwaarden van Gamma Communications.,De Algemene voorwaarden van Gamma Communications. De aanbieder van communicatie oplossingen aansluitend op jouw wensen.,,
privacybeleid,29965,Privacybeleid,Het privacy statement van Gamma Communications,Bekijk hier het Privacybeleid van Gamma Communications. D� specialist op gebied van slimmer en effectiever samenwerken.,,
over-gamma-communications,32832,Over Gamma Communications,Lees alles over Gamma en neem contact met ons op!,Gamma Communications is een toonaangevende aanbieder van communicatie oplossingen aansluitend op jouw wensen en de onderneming.,unified communications,
blog,32899,Blog,Ingevingen voor slimme en effectieve communicatie - Blog,Een breed scala aan oplossingen voor bedrijfscommunicatie en samenwerking. Gamma Communications is d� specialist.,,
gamma-communications-benelux,34301,Gamma Communications Benelux,Lees meer over het Gamma Communications Benelux Team!,Het Benelux Team van Gamma Communications. Alles in ��n service en onder een dak die jouw bedrijf en mensen centraal stelt.|Het Benelux Team van Gamma Communications.,unified communications,
gamma-plc,34306,Gamma PLC,PLC van Gamma Communications - Bekijk de mogelijkheden!,Gamma Communications PLC .Drie merken die samen als aanbieder van communicatie en ICT oplossingen aansluiten op jouw wensen.,unified communications,
nieuws,34307,Nieuws,Vind hier al het nieuws over Gamma Communications.,Het nieuws over Gamma Communications. Een toonaangevende aanbieder van communicatie oplossingen aansluitend op jouw wensen.,unified communications,
vacatures,34308,Vacatures,Werken bij Gamma? Bekijk onze vacatures!,Informatie- en communicatieoplossingen voor alle sectoren in de zakelijke markt! Gamma brengt mensen samen.,unified communications,
evenementen,34339,Evenementen,Bekijk de evenementen van Gamma voor onze partners.,Evenementen van Gamma Communications. Wij werken uitsluitend en nauw samen met een uitgebreid netwerk tijdens onze events.,,
partner-nieuws,34341,Partner Nieuws,Partner nieuws - Meld je aan om up-to-date te blijven!,Als Gamma-partner altijd op de hoogte blijven van de laatste ontwikkelingen van ontwikkelingen binnen Gamma? Meld je dan hier aan.,,
academy,34342,Academy,Academy,De one-license fits all propositie voor MKB cloud telefonie met alle noodzakelijke functionaliteit aan boord. Meld je hier aan.,,
waarom-gamma,34363,Waarom Gamma?,Waarom partner worden van Gamma? - Ontdek de voordelen,De succesvolle samenwerking tussen Gamma en haar partners zorgen voor de beste informatie- en communicatieoplossingen.,,
partner-programma,34365,Partner Programma,Krijg gerichte ondersteuning met ons Partner Programma.,"Het Partner Programma is gebaseerd op een persoonlijke aanpak, vertrouwen en gedeelde ambities vanuit een uitgebreid netwerk.",,
vind-een-partner,34369,Vind een Partner,Vind een van onze partners! Neem gerust contact op,Op zoek naar een van onze partners? Onze gekwalificeerde partners bieden de beste ICT-oplossingen voor ieder segment.,,
neem-contact-met-ons-op,34446,Neem contact met ons op,Nieuwe partner worden? Neem contact met ons op!,Op zoek naar een nieuwe partner? Vind er een bij Gamma Communication! Wij werken samen vanuit vertrouwen en gedeelde ambities.,,
knowledge-base,34582,Knowledge Base,Bekijk de informatie over alle diensten die wij aanbieden!,Alle informatie over ons service aanbod. .E�n service die jouw bedrijf en mensen centraal stelt. Gamma brengt mensen samen!,,
portals,34586,Portals,Op zoek naar een digitale tool? Bekijk hier onze portals!,Digitale tools die jouw ondernemeing ondersteunen. Gamma brengt mensen samen met oplossingen aansluitend op jouw wensen!,,
fair-use-policy,34597,Fair Use Policy,Bekijk de Fair Use Policy van Gamma Communications!,De Fair Ue Policy van Gamma Communications. De toonaangevende aanbieden van bedrijfscommunicatie aansluitend op jouw wensen.,,
support,34613,Support,Alle antwoorden op de meest gestelde vragen aan Gamma,Gamma Communications Support afdeling. Alle meest voorkomende vragen omtrent bedrijfscommunicatieoplossingen. We helpen je graag!,,
faq,34732,Frequently Asked Questions,Meest gestelde vragen - FAQ Gamma Communications,Bekijk hier de veelgestelde vragen. Vind in een overzichtelijke weergave het antwoord op jouw vraag! We helpen je graag!,,
flex-support,34762,Flex support handleidingen,Vind hier de oplossing voor ieder probleem - Gamma Support,Een duidelijk overzicht van alle handleidingen die Gamma Communications biedt voor haar partners. We helpen je graag!,unified communications,
trainingen-aanmelden,34836,Trainingen Aanmelden,,,,
evenementen-aanmelden,34841,Evenementen Aanmelden,,,,
contact,34842,Contact,Neem contact met ons op! - Bekijk onze bedrijfsinformatie.,In contact komen met ons? Dat kan! .Alle informatie over Gamma Communications is hier te vinden! .Gamma brengt mensen samen!,,
het-betere-werk-is-hybride,34855,Het betere werk is hybride,Inspiratie voor een verbeterde hybride samenwerking,Het nieuwe samenwerken is hybride. Lees verder voor inspiratie voor samenwerken op een vernieuwde manier.,,
unified-communications-als-hefboom-voor-hybride-werken,34906,Unified Communications als  hefboom voor hybride werken,IT-specialist in Unified Communications bij hybride werken,Slimmer en effectief samenwerken. Gamma is de specialist op gebied van Hybryde samenwerking. Oplossingen voor alle segmenten.,,
bedankt-training,34942,Bedankt - Training,,,,
bedankt-evenementen,34943,Bedankt - Evenementen,,,,
bedankt,34944,Bedankt,,,,
nummerbehoud,35055,nummerbehoud,,,,
gamma-get-together,35180,Gamma Get Together,,,,
klantcases,35275,Klantcases,,,,
,35499,Home,Gamma Communications voor slim en effectief samenwerkenslim en effectief samenwerken,"Gamma Communications brengt mensen samen dankzij toonaangevende communicatie-oplossingen, aansluitend op de wensen van jouw organisatie.",Gamma,
inflatie,35544,Inflatie,,,,
partner-borrel-21-04-2022-2,35608,Partner Borrel 21-04-2022,,,,
teams-event-2023,35627,Teams Event 2023 - april,,,,
bedankt-teams-event-2023,35656,Bedankt - Teams Event 2023,,,,
changelog,37122,Changelog,,,,
microsoft-teams-whitepaper,38538,Microsoft Teams Whitepaper,,,,
value360,40071,Value360,,,,
teams-event,41221,Teams Event 2023 - oktober,,,,
kvr,41250,KvR,,,,
gamma-onderhoudsmeldingen,42447,Gamma Onderhoudsmeldingen,,,,
storing,43004,Storing,,,,
onderhoud,43045,Onderhoud,,,,
telpoint,43606,Telpoint,,,,
demo,44987,Demo aanvragen,,,,
help,46081,Help,,,,
unified-communications,136,Unified Communications,Unified Communications - UCaaS - Gamma,"Met Unified Communications gebruik je ��n enkel platform waarin alle communicatiekanalen, zoals e-mail, telefonie en chat zijn ge�ntegreerd. Lees nu verder.|Met Unified Communications gebruik je ��n enkel platform ",,
flextelephony,2382,FlexTelephony,Flexibele zakelijke cloud telefonie - Gamma,"Gamma Communications biedt flexibele zakelijke cloud telefonie die meegroeit met jouw bedrijf, zonder onderhoudskosten of hoge investeringen. Lees verder.",business phone system,
gamma-internet,2390,Gamma Internet,Zakelijk Internet - Gamma,"Gamma biedt flexibel, veilig en betrouwbaar zakelijk internet voor ondernemers met een 24/7 beheerd, landelijk dekkend netwerk. Vind hier meer informatie.voor ondernemers met een 24/7 beheerd, landelijk dekkend netwerk. Vind hier meer informatie.",,
zakelijke-telefonie,2394,Zakelijke Telefonie,Zakelijke telefonie - Zakelijke mobiele telefonie - Gamma,"Zorg ervoor dat jouw bedrijf altijd en overal bereikbaar is, met de diverse abonnementen en bundels van Gamma Communications. Klik hier voor meer details.",Zakelijke telefonie,
sip-trunk,2399,SIP Trunk,SIP Trunk - VoIP telefonie - Gamma|SIP Trunk,"VoIP telefonie, ofwel bellen via internet, met onze betrouwbare SIP Trunk. Altijd bereikbaar tegen lagere kosten. Lees hier meer over de voordelen van Gamma.",SIP trunking,
at-work,31175,@Work,@Work - Toonaangevende oplossingen voor bedrijven,Voor een vast bedrag bellen en internetten. @Work is een van de oplossingen voor een snellere en slimmere samenwerking.,T-Mobile,
microsoft-teams-direct-routing,31230,Microsoft Teams Direct Routing,Microsoft Teams Direct Routing -Gamma,Gamma biedt een compleet pakket aan Direct Routing diensten voor koppeling van telefonie aan je Microsoft Teams omgeving. Klik hier voor meer informatie.,Microsoft Teams Direct Routing,
horizon,34101,Horizon,Horizon - Brengt grote groepen mensen samen!,Wordt slimmer en effectiever met Cloud telefonie van Horizon. Gamma biedt ICT-oplossingen voor alle bedrijven.,business phone system,
flexpbx,34269,FlexPBX,FlexPBX - slim en effectief samenbrengen van mensen - Gamma,"Met FlexPBX is ieder bedrijf effectiever, maar ook intelligenter in de samenwerking. Gamma is d� specialist in oplossingen. Vind hier meer informatie.",business phone system,
cisco-webex-slim-en-effectief-samenwerken-gamma,34709,Cisco Webex,Cisco Webex - slimme en effectieve samenwerking,Cisco Webex Teams biedt snelle en effectieve communicatie voor bedrijven. Klik hier voor meer informatie over onze oplossingen voor iedere bedrijfssector.,,
microsoft-teams-telephony,35076,Microsoft Teams Telephony,Microsoft Teams Telefonie - Teams phone system - Gamma,Gamma ondersteunt integratie van spraak binnen je Microsoft Teams telefonie-omgeving. Ben optimaal bereikbaar dankzij Gamma. Lees nu verder.,unified communications,
microsoft-teams-operator-connect,35077,Microsoft Teams Operator Connect,Microsoft Teams Operator Connect - Gamma,Haal het maximale uit Microsoft Teams met Gamma en voeg eenvoudig en snel de spraakmogelijkheden van Operator Connect toe. Klik hier voor meer details.,unified communications,
operator-connect-contact-formulier,35100,Microsoft Teams Operator Connect Contact Formulier,,,,
operator-connect-contact-form-small,35108,Microsoft Teams Operator Connect Contact Form Small,,,,
zakelijk-mobiel,35158,Zakelijk Mobiel,Zakelijke telefoonabonnementen - Zakelijk mobiel - Gamma,Met de zakelijke telefoonabonnementen van Gamma bel je zorgeloos mobiel en internet je op de beste netwerken van Nederland. Vind hier meer informatie.,,
telephony-contact-formulier,35231,Microsoft Teams Telephony Contact Formulier,,,,
direct-routing-contact-formulier,35236,Microsoft Teams Direct Routing Contact Formulier,,,,
glasvezel,35445,Glasvezel,Glasvezel,,,
microsoft-teams-contact-center,35685,Microsoft Teams Contact Center,,,,
mobiliteit,2397,Mobiliteit,Mobiele IT-oplossingen gecre�erd door Gamma. E�n ge�ntegreerd pakket aan telefonie en ICT-oplossingen vanaf iedere locatie.,Altijd bereikbaar met Gamma mobiele IT-oplossingen - Gamma,,
werken-op-afstand,31780,Werken op afstand,Gamma Communications is specialist in toepassingen voor creatieve samenwerking. Werk slimmer en effectiever samen.,Werken op afstand - Werken vanuit huis - Oplossingen - Gamma,remote working|remote working|remote working,
bedrijfsverzamelgebouwen,34358,Bedrijfsverzamelgebouwen,IT is cruciaal voor efficiente bedrijfsverzamelgebouwen. Wil je dat jouw kantoor optimaal bereikbaar is en zorgeloos communiceert? Klik dan hier voor alle info.,Communicatie voor bedrijfsverzamelgebouwen - Gamma,Multi-Tenant,
juridische-dienstverlening,35264,Juridische dienstverlening,Werkzaam in de juridische dienstverlening en behoefte aan een ICT-omgeving waarin je effectief en effici�nt kunt werken? Neem dan nu contact met ons op.,Communicatie voor juridische dienstverlening - Gamma,,
onderwijs,35267,Onderwijs,Werk jij in het onderwijs en heb je een ICT-omgeving nodig waarin je effectief kunt werken? Klik dan hier voor meer info over onze onderwijs-ICT-oplossingen.,ICT voor het onderwijs - Gamma,,
zorg,35269,Zorg,Ben jij werkzaam in de zorg en heb je behoefte aan ICT-oplossingen die de druk op jouw organisatie kunnen verzachten?,ICT-oplossingen voor de zorg - Effici�nte communicatie - Gamma,,
gamma-maakt-positieve-resultaten-bekend-over-2020,34490,Gamma maakt positieve resultaten bekend over 2020,Gamma komt met positieve resultaten over 2020!,De resultaten van 2020 zijn binnen. Gamma kan met vol trots mededelen dat er een gestage groei is die voorlopig niet zal stagneren.,,
benoeming-van-ceo-en-cfo-bij-gamma-communications-benelux,34493,Benoeming van CEO en CFO bij Gamma Communications Benelux,Ontmoet de nieuwe CEO en CFO van Gamma Communications,"Gamma Communications Benelux heeft een nieuwe directie. Succesvolle aanbieder in ICT-oplossingen in VK, Nederland en Spanje.",,
gntel-en-dean-one-gaan-samen-verder-als-gamma-communications-nl,34729,gnTel en Dean One gaan samen verder als Gamma Communications Nederland,Gntel & Deanone gaan verder als Gamma Communications!,"GnTel en Dean One, onmiskenbaar binnen de MKB-bedrijfscommunicatie. Vanaf 6 september bekend als: Gamma Communications Nederland.",,
gamma-communications-lanceert-operator-connect-voor-microsoft-teams-voor-nederlandse-partners-en-mkb-klanten,35107,Gamma Communications lanceert Operator Connect voor Microsoft Teams voor Nederlandse partners en MKB-klanten,,,,
gamma-maakt-positieve-resultaten-over-2021-bekend,35149,Gamma maakt positieve resultaten over� 2021 bekend,,,,
t-mobile-en-gamma-communications,35228,T-Mobile en Gamma Communications verlengen strategische samenwerking,,,,
microsoft-teams-operator-connect,35259,Microsoft Teams Operator Connect nu beschikbaar voor MKB bij Gamma Communications,,,,
rick-van-schaik-start-als-cco-bij-gamma-communications-benelux,35283,Rick van Schaik start als CCO bij Gamma Communications Benelux,,,,
copaco-breidt-portfolio-uit-met-operator-connect-van-gamma-communications,35683,Copaco breidt portfolio uit met Operator Connect van Gamma Communications,,,,
gamma-communications-kiest-voor-roger365-io-voor-optimaal-klantcontact-in-teams,35691,Gamma Communications kiest voor ROGER365.io voor optimaal (klant)contact in Teams,,,,
gamma-kondigt-positieve-resultaten-aan-over-2022,36633,Gamma kondigt positieve resultaten aan over�2022,,,,
gamma-communications-maakt-microsoft-teams-operator-connect-nu-ook-beschikbaar-in-belgie,37632,Gamma Communications maakt Microsoft Teams Operator Connect nu ook beschikbaar in Belgi�,,,,
gamma-kondigt-gerben-wijbenga-aan-als-ceo-van-centraal-en-noord-europa-uitbreiding-van-zijn-rol-met-focus-op-groeikansen,43110,"Gamma kondigt Gerben Wijbenga aan als CEO van Centraal en Noord-Europa, uitbreiding van zijn rol met focus op groeikansen",,,,
gamma-behaalt-opnieuw-haar-iso27001-certificering,44102,Gamma behaalt opnieuw haar ISO27001 certificering,,,,
rendement-op-relaties-deze-maatstaf-biedt-kansen-voor-bedrijven-om-in-2024-hun-focus-op-te-leggen,48330,Rendement op relaties: deze maatstaf biedt kansen voor bedrijven om in 2024 hun focus op te leggen,,,,
samenwerking-slbdiensten-en-gamma-communications,49334,Samenwerking SLBdiensten en Gamma Communications,,,,
slimmer-samenwerken-doe-je-zo,34705,Slimmer leren samenwerken? Lees onze blog met stappenplan,Hoe kan jij slimmer samenwerken? Gamma Communications heeft voor jou de oplossing! In 5 stappen leggen wij het aan je uit.,,,
wat-is-5g-en-hoe-werkt-het,34996,,,,,
voordelen-integreren-crm-oplossing,34997,,,,,
alles-op-een-plek,35122,,,,,
?post_type=blog&p=35154,35154,,,,,
customer-experience-cx,35168,,,,,
hybride-werken,35169,,,,,
5g,35171,,,,,
bedrijfscommunicatie-in-de-zakelijke-dienstverlening-veiligheid-voorop,35277,,,,,
ict-in-de-zorg-een-vak-apart,35279,,,,,
?post_type=blog&p=35280,35280,,,,,
koper-verdwijnt-wat-nu,35446,,,,,
als-corona-het-netwerk-heeft-verzwakt,35455,,,,,
operator-connect-van-meerwaarde-voor-benvalor-ict-magazine,35461,,,,,
zorgmedewerkers-unik-blij-met-teams-operator-connect,35479,,,,,
microsoft-teams-operator-connect-zet-markt-op-zijn-kop,35490,,Rick van Schaik CCO van Gamma Communications Benelux. ITchannelPRO sprak met hem over het bedrijf en wat er later dit jaar nog op de rol staat,,,
?post_type=blog&p=35517,35517,,,,,
itchannelpro-zomercolumn,35528,,,,,
de-toekomst-van-sustainability,35535,,,,,
knoworries-introduceert-teams-bellen-op-basis-van-operator-connect,35539,,,,,
een-startgids-voor-hosted-telefonie,35557,Hosted telefonie: alles wat je moet weten | Gamma,Hoe werkt hosted telefonie? Wat maakt het anders dan traditionele oplossingen? En kan het jouw bedrijf ten goede komen? Lees onze complete gids voor hosted telefonie.,,,
een-startersgids-voor-sip-trunks,35565,SIP Trunks: alles wat je wilt weten | Gamma,Ontdek de betekenis en voordelen van SIP trunking. Bespaar op uw communicatiekosten en verbeter de effici�ntie van uw bedrijf. Lees meer!,,,
5-functies-om-jouw-cx-te-verbeteren,35590,5 functies om jouw CX te verbeteren | Gamma,Laat jouw klanten niet langer wachten met deze vijf belangrijke functies om jouw CX te verbeteren,,,
microsoft-teams-telefonie-de-functies-voordelen,35591,,,De functies en voordelen van Microsoft Teams,,
handige-tips-voor-videoconferenties-2,35622,,,,,
optimaal-gebruik-van-teams-in-onderwijs,36921,,"Ontdek hoe u Microsoft Teams optimaal kunt gebruiken in het onderwijs. Verbeter de communicatie, samenwerking en leerervaring. Lees nu verder",Microsoft Teams voor het onderwijs,,
bellen-via-teams,37977,,Ontdek hoe u via Microsoft Teams kunt bellen en bespaar op uw communicatiekosten. Verbeter uw workflow en productiviteit. Lees nu verder.,,,
hoe-werkt-microsoft-teams,37979,,"Ontdek hoe Microsoft Teams werkt en hoe u het kunt gebruiken om uw team samen te laten werken, communiceren en organiseren. Lees nu verder.",,,
communicatie-moet-doorgaan-ook-als-er-weinig-bereik-is,39851,,,,,
direct-routing-vs-operator-connect,40521,Direct Routing vs. Operator Connect %%sep%% %%sitename%%,Ontdek de verschillen tussen Direct Routing en Operator Connect en kies de beste optie voor jouw bedrijf. Lees meer op onze pagina.,,,
wat-zijn-de-voordelen-van-microsoft-teams-contact-center,40522,Voordelen van Microsoft Teams Contact Center %%sep%% %%sitename%%,,,,
waarom-glasvezelinternet-essentieel-is-voor-bedrijven,40524,Waarom glasvezel internet essentieel is voor bedrijven %%sep%% %%sitename%%,Glasvezel is al lang niet nieuw meer. Maar waarom glasvezel internet essentieel is voor bedrijven lees je in deze blog! Lees direct verder.,,,
hoe-maak-je-jouw-microsoft-teams-contact-center-toekomstbestendig,40935,,"Klanttevredenheid dankzij MS Teams Contact Center | Gamma Dankzij naadloze integratie met verschillende communicatieplatforms, maak je je MS Teams Contact Center toekomstbestendig. Vind hier meer informatie.",Klanttevredenheid dankzij MS Teams Contact Center,,
sip-vs-voip,41744,,Wat is SIP en VoIP? Vind hier alles over de betekenis van SIP en VoIP en kom erachter welke oplossing het beste past bij jouw organisatie. Lees hier verder.,SIP vs VoIP | De betekenis van SIP en VoIP uitgelegd | Gamma,,
waarom-glasvezel-voor-en-nadelen,42491,,Je hoort er bijna dagelijks over: internet via glasvezel. Waarom zou je eigenlijk overstappen op Glasvezel Internet?,,,
wat-is-glasvezel-de-volledige-gids,42492,,Wist je dat glasvezel een techniek is die al bestaat sinds de jaren 60? Sindsdien is het gelukkig wel sterk verbeterd.,,,
wat-is-microsoft-teams-en-hoe-werkt-het,42934,,Microsoft Teams is een van de meest geavanceerde applicaties voor samenwerken en sluit feilloos aan bij het platform van Microsoft 365. In dit artikel leggen we uit hoe het werkt en wat je ermee kunt doen.,,,
glasvezel-vs-kabelinternet-wat-is-beter,43165,,,,,
hoe-werkt-een-vergadering-in-microsoft-teams,43166,,Hoe werkt een Microsoft Teams vergadering? Volg deze stappen en start direct. En wist je dat je Teams uit kunt breiden met allerlei extra handige functies?,,,
hoe-glasvezel-de-beveiliging-van-bedrijfsnetwerken-verbetert,43167,,,,,
wat-is-glasvezel-internet,44594,"Glasvezel Internet: Snel, Betrouwbaar en Toekomstgericht","Ontdek de top 5 voordelen van glasvezel internet: onge�venaarde snelheid, stabiliteit, symmetrische up-/downloadsnelheden, toekomstbestendigheid en beschikbaarheid.",,,
hoe-wordt-glasvezel-aangelegd,44624,Glasvezel Installatie: 6 Stappen naar Sneller Internet,Op zoek naar een betrouwbare en snelle internetverbinding? In slechts 6 stappen wordt glasvezel aangelegd en heb je de beschikking over razendsnel internet!,Glasvezel Installatie: 6 Stappen naar Sneller Internet,,
de-voordelen-van-glasvezel-voor-bedrijven,44625,Voordelen Van Glasvezel Voor Bedrijven: Verbeter Je Zakelijke Effici�ntie,"Ontdek de voordelen van glasvezel voor bedrijven. Verhoog effici�ntie, zorg voor een betrouwbare verbinding en bereid je voor op toekomstige groei. Ontdek nu!",Voordelen Van Glasvezel Voor Bedrijven: Verbeter Je Zakelijke Effici�ntie,,
glasvezelaansluiting,44626,,"Overweeg je een glasvezelaansluiting? Ontdek hier het uitgebreide, stapsgewijze proces, van aanvraag tot activering. Lees nu meer en wees voorbereid!",GlasvezelStap Voor Stap: Van Aanvraag Tot Activering,,
de-voordelen-van-ms-teams-voor-virtuele-teams,44629,,"Ontdek de grote voordelen van Microsoft Teams voor virtuele samenwerking. Real-time communicatie, veilige bestanden delen en flexibele integraties.",Samenwerken op Afstand: De Voordelen van MS Teams voor Virtuele Teams,,
het-toekomstpotentieel-van-glasvezel,44631,,"Ontdek het potentieel van glasvezel. Hogesnelheidsconnectiviteit, ondersteuning voor innovaties en duurzaamheid. Lees hier meer over de toekomst van glasvezel.",Het toekomstpotentieel van glasvezel: waarom investeren in deze technologie?,,
glasvezel-en-cyberveiligheid,44632,,"Glasvezel biedt razendsnel internet, maar met groeiende cyberaanvallen is goede cyberbeveiliging van de glasvezelverbinding essentieel. Lees verder!",Glasvezel en cyberveiligheid: het belang van een veilige verbinding,,
privacy-in-microsoft-teams,44633,,"Ontdek hoe Microsoft Teams privacy waarborgt tijdens hybride werken. Beveiligingsmaatregelen, AVG-richtlijnen en tips voor veilige communicatie binnen Teams.",Het belang van beveiliging en privacy in MS Teams gebruik,,
overstappen-van-skype-lync-naar-microsoft-teams-telefonie,45097,,"Ontdek waarom overstappen van Skype/Lync naar Microsoft Teams de beste keuze is voor moderne, effici�nte bedrijfstelefonie en samenwerking.",Overstap van Skype naar Teams: Effici�ntie in Telefonie,,
?post_type=blog&p=45731,45731,,"Dankzij naadloze integratie met verschillende communicatieplatforms, maak je je MS Teams Contact Center toekomstbestendig. Vind hier meer informatie.",Klanttevredenheid dankzij MS Teams Contact Center Gamma,,
6-tips-hoe-je-whatsapp-voor-bedrijven-kunt-gebruiken-om-de-klanttevredenheid-te-verhogen-en-daarmee-de-bedrijfsprocessen-te-optimaliseren,45735,,"6 tips voor het verhogen van klanttevredenheid met behulp van WhatsApp for Business, om bedrijfsprocessen te optimaliseren. Lees nu hier verder.",WhatsApp for business voor hogere klanttevredenheid | Gamma,,
kijk-buiten-het-geijkte-stramien-vier-inzichten-om-je-klantcommunicatie-te-transformeren,48051,,,,,
de-inside-out-relatie,48055,,,,,
hoe-communicatietechnologie-de-manier-waarop-we-werken-menselijker-kan-maken,48059,,,,,
teams-telefoon-de-innovatie-voor-moderne-bedrijven,49016,,,,,
hoe-microsoft-teams-phone-de-klantenservice-kan-verbeteren,49299,,,,,
duurzaamheid-nog-steeds-een-hot-topic-in-2024,49604,,,,,
scholen-kunnen-nu-eenvoudig-telefonie-in-teams-toevoegen-via-slbdiensten,49696,,,,,
over-naar-een-telefonieplatform,49697,,,,,
iot-esim-en-mobiele-technologie-geintegreerde-innovaties,50007,,,,,
de-toekomst-van-contact-in-teams-voor-woningcorporaties,50672,,,,,
kunstmatige-intelligentie-de-juiste-benadering,50727,,,,,
